,id_code,dataSet
0,0005cfc8afb6,data/resized test 19
1,003f0afdcd15,data/resized test 19
2,006efc72b638,data/resized test 19
3,00836aaacf06,data/resized test 19
4,009245722fa4,data/resized test 19
5,009c019a7309,data/resized test 19
6,010d915e229a,data/resized test 19
7,0111b949947e,data/resized test 19
8,01499815e469,data/resized test 19
9,0167076e7089,data/resized test 19
10,01c31b10ab99,data/resized test 19
11,01c5ba195207,data/resized test 19
12,01e4d86b3a30,data/resized test 19
13,020921b796d5,data/resized test 19
14,020f6983114d,data/resized test 19
15,021c207614d6,data/resized test 19
16,0229c0a80d42,data/resized test 19
17,024d0a225db1,data/resized test 19
18,0268f4382c67,data/resized test 19
19,0299d97f31f7,data/resized test 19
20,03042a663e54,data/resized test 19
21,030e06ddbb04,data/resized test 19
22,033cdbbbdfaa,data/resized test 19
23,03be80919be4,data/resized test 19
24,03eaa4eef484,data/resized test 19
25,0434995d0654,data/resized test 19
26,04a0773c71fb,data/resized test 19
27,04e1b77ef107,data/resized test 19
28,051d9d12a6ee,data/resized test 19
29,052e00f47cfa,data/resized test 19
30,06035cfbcc18,data/resized test 19
31,061e7dab2b76,data/resized test 19
32,0622a0f615db,data/resized test 19
33,062ed40f5272,data/resized test 19
34,0654cdd3c01a,data/resized test 19
35,065cb18bb0b2,data/resized test 19
36,069037e82135,data/resized test 19
37,069ebdb1023d,data/resized test 19
38,06cdd3f3f262,data/resized test 19
39,06daa7390238,data/resized test 19
40,06e60df1823e,data/resized test 19
41,0737dfb0a164,data/resized test 19
42,0749255f718d,data/resized test 19
43,07685fac659a,data/resized test 19
44,079e029f3b2e,data/resized test 19
45,07d8d154e752,data/resized test 19
46,081c7ec32f27,data/resized test 19
47,082c7ccb536a,data/resized test 19
48,082fc6f323a1,data/resized test 19
49,086727c22b75,data/resized test 19
50,087966da55c2,data/resized test 19
51,08a5afa9d62c,data/resized test 19
52,08cfae721bd8,data/resized test 19
53,08dc27511636,data/resized test 19
54,0904fcd03369,data/resized test 19
55,0928150bb29a,data/resized test 19
56,0946ae407745,data/resized test 19
57,0952ca2ece1c,data/resized test 19
58,096d6bb6546b,data/resized test 19
59,097614f1dcae,data/resized test 19
60,09855c888f9f,data/resized test 19
61,09b5e952f996,data/resized test 19
62,09d32c9008ca,data/resized test 19
63,0a0780ad3395,data/resized test 19
64,0a262e8b2a5a,data/resized test 19
65,0a2b5e1a0be8,data/resized test 19
66,0ad36156ad5d,data/resized test 19
67,0aebb1b2aef1,data/resized test 19
68,0af080866c24,data/resized test 19
69,0af338c60d2d,data/resized test 19
70,0b121d798018,data/resized test 19
71,0b65c09c7bac,data/resized test 19
72,0b88274d5d7d,data/resized test 19
73,0ba16f32500e,data/resized test 19
74,0bab4b301d71,data/resized test 19
75,0bfa8ea173d6,data/resized test 19
76,0c39fa1f2cfa,data/resized test 19
77,0c7e40a82c60,data/resized test 19
78,0c7e66a53ce3,data/resized test 19
79,0ca261d6e31d,data/resized test 19
80,0cad3584e761,data/resized test 19
81,0ccfca342907,data/resized test 19
82,0d1610cda7fc,data/resized test 19
83,0d1c7806f918,data/resized test 19
84,0d2c1ae24459,data/resized test 19
85,0d38fb1ec22d,data/resized test 19
86,0d564d76c97c,data/resized test 19
87,0ddb0dbbef76,data/resized test 19
88,0df488d86631,data/resized test 19
89,0e052b0dec40,data/resized test 19
90,0e107399795b,data/resized test 19
91,0e428b886e07,data/resized test 19
92,0e86fbc6cb8b,data/resized test 19
93,0e9d6c70eaf7,data/resized test 19
94,0eb6e41a8658,data/resized test 19
95,0ecaf177e85f,data/resized test 19
96,0ed192cd67a2,data/resized test 19
97,0edc0c33e929,data/resized test 19
98,0ee72c039036,data/resized test 19
99,0ef1f5075178,data/resized test 19
100,0f1613975335,data/resized test 19
101,0f1a967313c3,data/resized test 19
102,0f23c3028206,data/resized test 19
103,0f61878bfd0e,data/resized test 19
104,0f8fc606e17c,data/resized test 19
105,0f96e3e4a5a0,data/resized test 19
106,0fa8a299f431,data/resized test 19
107,0fb31b7aef5f,data/resized test 19
108,0fb78ccb86f8,data/resized test 19
109,0fd68a854aa1,data/resized test 19
110,100d678b8125,data/resized test 19
111,10205b883f26,data/resized test 19
112,10249038e07f,data/resized test 19
113,10407824638c,data/resized test 19
114,106dac320289,data/resized test 19
115,10c9d368f264,data/resized test 19
116,10df48fe8c6c,data/resized test 19
117,1136833be435,data/resized test 19
118,113971387d87,data/resized test 19
119,119c13369239,data/resized test 19
120,11dc8d4a66a7,data/resized test 19
121,11f10a8be429,data/resized test 19
122,12411c037cfb,data/resized test 19
123,1248275c3f91,data/resized test 19
124,1278c303e03e,data/resized test 19
125,127976eab419,data/resized test 19
126,1282d33e6fbc,data/resized test 19
127,128b94971423,data/resized test 19
128,13065b0ff1e0,data/resized test 19
129,130887394f97,data/resized test 19
130,1326dad5651f,data/resized test 19
131,132e1876157b,data/resized test 19
132,133f96f06473,data/resized test 19
133,1388399910c7,data/resized test 19
134,13a444b80681,data/resized test 19
135,13e28ec4534a,data/resized test 19
136,140c4f64fca3,data/resized test 19
137,1466c7e5936e,data/resized test 19
138,146edf3ba156,data/resized test 19
139,148e913a3cb7,data/resized test 19
140,1491b52c49e4,data/resized test 19
141,14a4f23b07a5,data/resized test 19
142,14ab77198610,data/resized test 19
143,153a1a1157d8,data/resized test 19
144,15586b5a4a6a,data/resized test 19
145,156350bc41c9,data/resized test 19
146,15a5df617fb1,data/resized test 19
147,1620fa014ccb,data/resized test 19
148,163a8bffdc88,data/resized test 19
149,167d9edb5cc1,data/resized test 19
150,16ae04d67de3,data/resized test 19
151,16ae52b6ac9b,data/resized test 19
152,16cfea326456,data/resized test 19
153,16d36c3d0553,data/resized test 19
154,1719183e95b6,data/resized test 19
155,172eb75bc414,data/resized test 19
156,17403c0714f1,data/resized test 19
157,174be0d1e02d,data/resized test 19
158,1784c33b4f27,data/resized test 19
159,178bf0bd8902,data/resized test 19
160,17b08e34f0ed,data/resized test 19
161,17bed9f69d84,data/resized test 19
162,17f0a333f224,data/resized test 19
163,17fb965efdf3,data/resized test 19
164,18009c3e5653,data/resized test 19
165,1822b6c60784,data/resized test 19
166,1876ac30fdc5,data/resized test 19
167,18b0e7e82204,data/resized test 19
168,18c7998ba166,data/resized test 19
169,18d885cd7f0c,data/resized test 19
170,18e65ae600f3,data/resized test 19
171,18f09deddab7,data/resized test 19
172,1927c7ed6570,data/resized test 19
173,19f165a25974,data/resized test 19
174,19fedfb6c8e1,data/resized test 19
175,1a0a62061725,data/resized test 19
176,1a18d78ffb56,data/resized test 19
177,1a495e43fc7d,data/resized test 19
178,1a6b7f58d488,data/resized test 19
179,1a7fe0c18772,data/resized test 19
180,1ab40e2386ea,data/resized test 19
181,1b1522622a53,data/resized test 19
182,1b4843340486,data/resized test 19
183,1b79278c8cb5,data/resized test 19
184,1ba29885e4ce,data/resized test 19
185,1c241074f213,data/resized test 19
186,1c6139829ba9,data/resized test 19
187,1c62728dd31b,data/resized test 19
188,1c6e15aeb154,data/resized test 19
189,1ca7ecbd29fc,data/resized test 19
190,1ca90de96f99,data/resized test 19
191,1d1539c0fb03,data/resized test 19
192,1d2354eba61d,data/resized test 19
193,1d5a1d9fe2cb,data/resized test 19
194,1d7c4c12769e,data/resized test 19
195,1de193623108,data/resized test 19
196,1e0309115a25,data/resized test 19
197,1e04a80f12dd,data/resized test 19
198,1e15a8fa476f,data/resized test 19
199,1e34e33a0988,data/resized test 19
200,1ed74b13dc38,data/resized test 19
201,1f2018b62574,data/resized test 19
202,1f244c85e046,data/resized test 19
203,1fb1acde9818,data/resized test 19
204,1fb4db8834df,data/resized test 19
205,1ff6e5ec40b4,data/resized test 19
206,20456efc42ad,data/resized test 19
207,2047c76a05da,data/resized test 19
208,204b0837f6c3,data/resized test 19
209,206c526761e4,data/resized test 19
210,207265d7e694,data/resized test 19
211,2099648072a2,data/resized test 19
212,20a955de8a62,data/resized test 19
213,20dd582bf9c7,data/resized test 19
214,2109169f580e,data/resized test 19
215,212fc55744e9,data/resized test 19
216,21326c03723b,data/resized test 19
217,213e9ca67626,data/resized test 19
218,214a244dd49f,data/resized test 19
219,214e78f46682,data/resized test 19
220,21715aad6f7b,data/resized test 19
221,219828b94b41,data/resized test 19
222,21d65a5b8d67,data/resized test 19
223,21da3c4da8ad,data/resized test 19
224,2245678ba096,data/resized test 19
225,224681bb4b7d,data/resized test 19
226,227af2e525a0,data/resized test 19
227,228769e96741,data/resized test 19
228,228e7cf174ae,data/resized test 19
229,22c7ca4863ee,data/resized test 19
230,22c9f6694a99,data/resized test 19
231,22daab4f0786,data/resized test 19
232,22de26199c44,data/resized test 19
233,236c9c9c40c5,data/resized test 19
234,23766fab438c,data/resized test 19
235,23c483b2d9d1,data/resized test 19
236,23c5eba92749,data/resized test 19
237,23e7645e7e39,data/resized test 19
238,23e9b7b14f2d,data/resized test 19
239,2412b2c0e74a,data/resized test 19
240,24206453d834,data/resized test 19
241,2427e06125ae,data/resized test 19
242,24289104b70b,data/resized test 19
243,2430807dfad5,data/resized test 19
244,246efa653ba4,data/resized test 19
245,24d5ed8ba19a,data/resized test 19
246,251f4323b63d,data/resized test 19
247,25217ad0dfae,data/resized test 19
248,256dbdb1821c,data/resized test 19
249,25d98da73248,data/resized test 19
250,25e5dc143433,data/resized test 19
251,25eb93e69a3e,data/resized test 19
252,2603cf87a7e3,data/resized test 19
253,2630d7731c72,data/resized test 19
254,263dde841c5e,data/resized test 19
255,264bb74277a5,data/resized test 19
256,2665a122e8a2,data/resized test 19
257,2677d5c9983e,data/resized test 19
258,267a4f971f1a,data/resized test 19
259,26978370afb3,data/resized test 19
260,26b070e80ae3,data/resized test 19
261,26fa7ce480df,data/resized test 19
262,270a532df702,data/resized test 19
263,273a341b5144,data/resized test 19
264,27c3c04811b6,data/resized test 19
265,28051dcc7861,data/resized test 19
266,28079fa5dac3,data/resized test 19
267,2818509e0fb4,data/resized test 19
268,281c50ee8d6f,data/resized test 19
269,287613276673,data/resized test 19
270,2884eb727858,data/resized test 19
271,2893b2a3cdfe,data/resized test 19
272,28cba3df4fa9,data/resized test 19
273,29003528aadc,data/resized test 19
274,291069435ace,data/resized test 19
275,29112729cdc0,data/resized test 19
276,2917c28c46d5,data/resized test 19
277,2936da8f3f2a,data/resized test 19
278,29749f55270d,data/resized test 19
279,298da7a521cb,data/resized test 19
280,29ca7f9cb14a,data/resized test 19
281,29cb3c00c82e,data/resized test 19
282,29cdebe47a49,data/resized test 19
283,2a153b1c0d2e,data/resized test 19
284,2a18955eeb41,data/resized test 19
285,2abf36e59970,data/resized test 19
286,2ace14876108,data/resized test 19
287,2b3edeb756b9,data/resized test 19
288,2b62b5a21668,data/resized test 19
289,2b6f28934445,data/resized test 19
290,2bb39124c823,data/resized test 19
291,2bd279f7c431,data/resized test 19
292,2c2b9c974ca7,data/resized test 19
293,2c739d725e5e,data/resized test 19
294,2c754e336552,data/resized test 19
295,2c76697bd479,data/resized test 19
296,2c8781c1089d,data/resized test 19
297,2c8d36e41efb,data/resized test 19
298,2c931e49bc58,data/resized test 19
299,2cb697cbcb0b,data/resized test 19
300,2cdd4f04b914,data/resized test 19
301,2ce3c3451e86,data/resized test 19
302,2cea0d33d7a2,data/resized test 19
303,2cfc3041caca,data/resized test 19
304,2d250a5030de,data/resized test 19
305,2d49bf3d67db,data/resized test 19
306,2d6246da3909,data/resized test 19
307,2d639c269faa,data/resized test 19
308,2d64c36a319d,data/resized test 19
309,2da814938e0a,data/resized test 19
310,2dec44360855,data/resized test 19
311,2deec95bbee7,data/resized test 19
312,2e1c2cb1850e,data/resized test 19
313,2e4c87ecc92c,data/resized test 19
314,2e6a99e1df80,data/resized test 19
315,2ea138c85bb1,data/resized test 19
316,2eafcdec6ed9,data/resized test 19
317,2ec041fd9a0c,data/resized test 19
318,2ef886fa090f,data/resized test 19
319,2eff10731599,data/resized test 19
320,2f032374b797,data/resized test 19
321,2f042d9c1376,data/resized test 19
322,2f0e943c8ddc,data/resized test 19
323,2f2920b82e56,data/resized test 19
324,2f31f6d5f7b2,data/resized test 19
325,2f346c794823,data/resized test 19
326,2f5824d3365c,data/resized test 19
327,2f906addeb38,data/resized test 19
328,2f9a5d2c4ee5,data/resized test 19
329,2fb539602f57,data/resized test 19
330,2febc332f628,data/resized test 19
331,2febce215663,data/resized test 19
332,2ffd44200e6f,data/resized test 19
333,3006fdc07d57,data/resized test 19
334,30376d8cde4e,data/resized test 19
335,3040ae4067b0,data/resized test 19
336,305635aaec8a,data/resized test 19
337,308924f570d7,data/resized test 19
338,3099467aeef2,data/resized test 19
339,3099f71a8760,data/resized test 19
340,30e384252334,data/resized test 19
341,315ca7df2c04,data/resized test 19
342,316f294f35ad,data/resized test 19
343,31825463d1e3,data/resized test 19
344,318330f2d44b,data/resized test 19
345,31a6e9b91de3,data/resized test 19
346,31d79157e7c4,data/resized test 19
347,31e9b7060c33,data/resized test 19
348,31f1684bfa1a,data/resized test 19
349,31ff4e7d7d09,data/resized test 19
350,32180eca093d,data/resized test 19
351,326808142745,data/resized test 19
352,326f05b4fef0,data/resized test 19
353,32bb537f9dec,data/resized test 19
354,332770e3dd42,data/resized test 19
355,33712f0c55f1,data/resized test 19
356,3382ab75cc96,data/resized test 19
357,3393ee9e7f29,data/resized test 19
358,33a0fb5161e1,data/resized test 19
359,33b59700691d,data/resized test 19
360,33cd1f67204e,data/resized test 19
361,343b1abb81a0,data/resized test 19
362,349ab243e75c,data/resized test 19
363,34de3550c1be,data/resized test 19
364,34fb98396a24,data/resized test 19
365,3503d1413125,data/resized test 19
366,351aba543dc8,data/resized test 19
367,352fe3e5b3fe,data/resized test 19
368,354003bb216f,data/resized test 19
369,354a0e7a60e2,data/resized test 19
370,3575ff59acc0,data/resized test 19
371,35c2442a20dc,data/resized test 19
372,35dbd229cfa2,data/resized test 19
373,362ee624995d,data/resized test 19
374,366e5c14a7d8,data/resized test 19
375,3670a39e7026,data/resized test 19
376,368271b942fb,data/resized test 19
377,36b9b2f23905,data/resized test 19
378,36d1ae1fcf8d,data/resized test 19
379,371a90136a15,data/resized test 19
380,3738406eb0f4,data/resized test 19
381,37e7e09c2d93,data/resized test 19
382,381be90b1dc0,data/resized test 19
383,3832a69f943a,data/resized test 19
384,38496a64a658,data/resized test 19
385,3873e0266b94,data/resized test 19
386,38b53cec399f,data/resized test 19
387,391b1802dfb5,data/resized test 19
388,3936578169d1,data/resized test 19
389,3943a494fb0d,data/resized test 19
390,397ffea483ef,data/resized test 19
391,398817adaf16,data/resized test 19
392,39a7cac6ac9c,data/resized test 19
393,39b48b299c45,data/resized test 19
394,39b6a6761d64,data/resized test 19
395,39f82967009b,data/resized test 19
396,39ff5807f582,data/resized test 19
397,3a1bdff4e304,data/resized test 19
398,3a23f37fc79e,data/resized test 19
399,3a2b37343edd,data/resized test 19
400,3a2f02646df3,data/resized test 19
401,3a3b00bad960,data/resized test 19
402,3a3d5ebaaec3,data/resized test 19
403,3a5d6cc796f1,data/resized test 19
404,3a70c2d49381,data/resized test 19
405,3a8bcee20143,data/resized test 19
406,3a9890cf2440,data/resized test 19
407,3b8f78e1767f,data/resized test 19
408,3b9ee705c750,data/resized test 19
409,3bab6c115f7d,data/resized test 19
410,3bab7d408b23,data/resized test 19
411,3bbea0616bdc,data/resized test 19
412,3bee147be104,data/resized test 19
413,3c142c3f33d7,data/resized test 19
414,3c1d461434eb,data/resized test 19
415,3c21f8d1fa62,data/resized test 19
416,3c2796e8e8ff,data/resized test 19
417,3c297a4f0464,data/resized test 19
418,3c4329778c68,data/resized test 19
419,3c6bee77688a,data/resized test 19
420,3c9cd9224d05,data/resized test 19
421,3cc1ca3e086b,data/resized test 19
422,3d2e3e4113cc,data/resized test 19
423,3d4d693f7983,data/resized test 19
424,3d83eba14bd2,data/resized test 19
425,3d913f289d77,data/resized test 19
426,3da4e0e38f17,data/resized test 19
427,3db49b4d5a7f,data/resized test 19
428,3dc26a50270e,data/resized test 19
429,3dd629fd6d09,data/resized test 19
430,3df3c5e97663,data/resized test 19
431,3dfe134d5d1c,data/resized test 19
432,3e2ae41e0730,data/resized test 19
433,3e4d4c1674f1,data/resized test 19
434,3e7fc52c3541,data/resized test 19
435,3ef3056cc3d0,data/resized test 19
436,3f007a2060c0,data/resized test 19
437,3f03980754e7,data/resized test 19
438,3f3e750580d4,data/resized test 19
439,3f42e760cc3e,data/resized test 19
440,3f5420546cba,data/resized test 19
441,3fa9277a3780,data/resized test 19
442,3fd59954189f,data/resized test 19
443,3fdbdbc04be6,data/resized test 19
444,401279eb879a,data/resized test 19
445,408ea007f294,data/resized test 19
446,40b4ece7bd32,data/resized test 19
447,40d7a111ee7c,data/resized test 19
448,40ea59a0228b,data/resized test 19
449,41031e40b326,data/resized test 19
450,411ee15ad4cf,data/resized test 19
451,412d9433f93e,data/resized test 19
452,41484b672eb5,data/resized test 19
453,415c2ea2b6a9,data/resized test 19
454,41672ba8bcb1,data/resized test 19
455,417d3908ee21,data/resized test 19
456,417f1709a8a2,data/resized test 19
457,4180f7f0c182,data/resized test 19
458,419bb68a1ee0,data/resized test 19
459,41cc795c4acd,data/resized test 19
460,42442bd02e81,data/resized test 19
461,4247b91698fc,data/resized test 19
462,427110b0a05e,data/resized test 19
463,427264c3232d,data/resized test 19
464,42a25af5ad7e,data/resized test 19
465,42a390ee5583,data/resized test 19
466,42ae83e0089b,data/resized test 19
467,42bef0737ac1,data/resized test 19
468,430436d78a9f,data/resized test 19
469,430613d6ba11,data/resized test 19
470,4306b1965385,data/resized test 19
471,431e6e79e394,data/resized test 19
472,4337e1114ad0,data/resized test 19
473,434e10fa0bf5,data/resized test 19
474,436651e030cb,data/resized test 19
475,437fa52cb1cb,data/resized test 19
476,43c1d80cd2b2,data/resized test 19
477,43c7740f646a,data/resized test 19
478,43e0368e857b,data/resized test 19
479,44191b514dee,data/resized test 19
480,443b96e2e048,data/resized test 19
481,44477c53f3d9,data/resized test 19
482,445fec0912db,data/resized test 19
483,446d2a4606bf,data/resized test 19
484,446edc2b054f,data/resized test 19
485,447d8e8f446d,data/resized test 19
486,448c1f328542,data/resized test 19
487,44c7a0b9820f,data/resized test 19
488,450e2a692142,data/resized test 19
489,4541683880a4,data/resized test 19
490,456b6a5827d4,data/resized test 19
491,456c55e0d8f9,data/resized test 19
492,4578ed5eeb9f,data/resized test 19
493,458b2446e3dd,data/resized test 19
494,45ca3fb3bfc5,data/resized test 19
495,45f34a152021,data/resized test 19
496,460bc010f96a,data/resized test 19
497,462507c543fb,data/resized test 19
498,464c22b720ea,data/resized test 19
499,464ee4a542b0,data/resized test 19
500,4686020fa0c6,data/resized test 19
501,469dd4c920c0,data/resized test 19
502,46a654b6a3db,data/resized test 19
503,46c4fb9164dc,data/resized test 19
504,46c9512ebcd1,data/resized test 19
505,46f933bbe3cd,data/resized test 19
506,470fd63322d1,data/resized test 19
507,471ff7e04b2f,data/resized test 19
508,47b9790a76b3,data/resized test 19
509,47bd700f47ee,data/resized test 19
510,4810eb8e7c88,data/resized test 19
511,481657080d8b,data/resized test 19
512,4818612e32d1,data/resized test 19
513,4824f100624c,data/resized test 19
514,4824f6db2b82,data/resized test 19
515,48530f602b11,data/resized test 19
516,4890c8e4f897,data/resized test 19
517,48b280688d0d,data/resized test 19
518,48c30363529b,data/resized test 19
519,48cc693a081d,data/resized test 19
520,490c7597892e,data/resized test 19
521,4929dea59cb7,data/resized test 19
522,4944b1de8817,data/resized test 19
523,4947431500d5,data/resized test 19
524,494db7a542a8,data/resized test 19
525,495b3b3cb438,data/resized test 19
526,496039c25f39,data/resized test 19
527,49897ae73aa9,data/resized test 19
528,49a027e2cebb,data/resized test 19
529,49a91567632e,data/resized test 19
530,49af6f1390b9,data/resized test 19
531,49cb7972e2a2,data/resized test 19
532,49f6ffbc8356,data/resized test 19
533,4a01c849bdeb,data/resized test 19
534,4a51e72940f2,data/resized test 19
535,4a5aad82e737,data/resized test 19
536,4a6795dc22f9,data/resized test 19
537,4a7b0751d94e,data/resized test 19
538,4abdddd0b247,data/resized test 19
539,4ae1cf32388b,data/resized test 19
540,4b47ed879207,data/resized test 19
541,4b4c0a15473c,data/resized test 19
542,4b62fc358248,data/resized test 19
543,4b83fb74c2a7,data/resized test 19
544,4bf29bca6018,data/resized test 19
545,4bf97a2f0398,data/resized test 19
546,4c49594c40c9,data/resized test 19
547,4c4af41533e1,data/resized test 19
548,4c70b2944d9e,data/resized test 19
549,4ca3eaf3493f,data/resized test 19
550,4ca4c2b18a48,data/resized test 19
551,4d00167f2d05,data/resized test 19
552,4d32f2284293,data/resized test 19
553,4d6333d41069,data/resized test 19
554,4d64a0fe8b2b,data/resized test 19
555,4d80c835d862,data/resized test 19
556,4d8cb0caa08a,data/resized test 19
557,4d8e6a111b56,data/resized test 19
558,4db635ee7440,data/resized test 19
559,4db82094e4a4,data/resized test 19
560,4db841b2ab70,data/resized test 19
561,4dc102e8d716,data/resized test 19
562,4dcc7b517c26,data/resized test 19
563,4ddfe4a87b11,data/resized test 19
564,4def7bc721a9,data/resized test 19
565,4defa0f6e0aa,data/resized test 19
566,4df7349f0806,data/resized test 19
567,4e545daf0236,data/resized test 19
568,4e609a790d75,data/resized test 19
569,4e8b41486289,data/resized test 19
570,4ec759a78c5d,data/resized test 19
571,4ed925492ea1,data/resized test 19
572,4efa03e7d043,data/resized test 19
573,4efcfde6a0c4,data/resized test 19
574,4f857f0e33e5,data/resized test 19
575,4f903dd3f420,data/resized test 19
576,4f985a7320d9,data/resized test 19
577,4f9f6984a2f7,data/resized test 19
578,4fa9722572c0,data/resized test 19
579,4fb39a052f74,data/resized test 19
580,4fbaf91d94fe,data/resized test 19
581,4fdd1ca8bd89,data/resized test 19
582,500586e31827,data/resized test 19
583,5022c0563335,data/resized test 19
584,504b7e01be96,data/resized test 19
585,507be4c76d8b,data/resized test 19
586,5092d7fc1392,data/resized test 19
587,50dab20a4ad4,data/resized test 19
588,50ff3607fc26,data/resized test 19
589,5110fe0bf9cb,data/resized test 19
590,51169b298d9f,data/resized test 19
591,512beaada8f0,data/resized test 19
592,51323e9d2070,data/resized test 19
593,515675001b9e,data/resized test 19
594,515877da2def,data/resized test 19
595,5168ddccea88,data/resized test 19
596,5172c056a687,data/resized test 19
597,5177461f5339,data/resized test 19
598,51910bcb980d,data/resized test 19
599,51a3e9b6a1c0,data/resized test 19
600,51bbd82feec8,data/resized test 19
601,51de5fb8eccd,data/resized test 19
602,51e88694c81f,data/resized test 19
603,51f0bf8f1544,data/resized test 19
604,51f57fb32840,data/resized test 19
605,51fa42dc1415,data/resized test 19
606,5276ab33b7b0,data/resized test 19
607,52a353760f72,data/resized test 19
608,531937254e73,data/resized test 19
609,5325b1c22c61,data/resized test 19
610,53959e0a750b,data/resized test 19
611,53be22c72713,data/resized test 19
612,5400549bfe76,data/resized test 19
613,5416642e06dd,data/resized test 19
614,54377de41c97,data/resized test 19
615,5450ee92dfc6,data/resized test 19
616,54b6b91249ad,data/resized test 19
617,551f1e4e2763,data/resized test 19
618,5544449ac18d,data/resized test 19
619,556c2790a2e5,data/resized test 19
620,557be0cf8e49,data/resized test 19
621,558664213d06,data/resized test 19
622,5595883f47f0,data/resized test 19
623,5598165adbff,data/resized test 19
624,559a719e403f,data/resized test 19
625,55ab23df5fa0,data/resized test 19
626,55bae08492c0,data/resized test 19
627,55c5356d96f8,data/resized test 19
628,567bfbf30117,data/resized test 19
629,56ad22ef1012,data/resized test 19
630,56ef3b79e31f,data/resized test 19
631,570982b0dbf2,data/resized test 19
632,571ab04c9e87,data/resized test 19
633,57327f5c7d71,data/resized test 19
634,57cbd5909e16,data/resized test 19
635,57d5d0d42cac,data/resized test 19
636,57e7e85b6bcd,data/resized test 19
637,57fa1bc682b6,data/resized test 19
638,58392bb56fad,data/resized test 19
639,584dab56f2c5,data/resized test 19
640,586eba507c88,data/resized test 19
641,587e6a83a90f,data/resized test 19
642,589747aab826,data/resized test 19
643,58a536e6fdde,data/resized test 19
644,58a569759348,data/resized test 19
645,58ab162bfc89,data/resized test 19
646,58b740608ded,data/resized test 19
647,58d6d0115c72,data/resized test 19
648,58ec1c8ed8b1,data/resized test 19
649,58f0807d2297,data/resized test 19
650,5953417e4750,data/resized test 19
651,5971c10c1465,data/resized test 19
652,59738e82c527,data/resized test 19
653,597ab119ba6d,data/resized test 19
654,59abc465e159,data/resized test 19
655,59e7f9e69044,data/resized test 19
656,5a1dd8fa44e9,data/resized test 19
657,5a311e3e8979,data/resized test 19
658,5a66a5abdec6,data/resized test 19
659,5a6a2c8cdd35,data/resized test 19
660,5a8dbaf0e001,data/resized test 19
661,5ab71d422459,data/resized test 19
662,5ab9e78b45ef,data/resized test 19
663,5ad2ca6d422f,data/resized test 19
664,5ad469f293f7,data/resized test 19
665,5add6f0b6b82,data/resized test 19
666,5b04aa895c31,data/resized test 19
667,5b18feb15d84,data/resized test 19
668,5b27368c6983,data/resized test 19
669,5b42aa87662e,data/resized test 19
670,5b79366b7eb0,data/resized test 19
671,5b7aec374735,data/resized test 19
672,5b7e38adccf3,data/resized test 19
673,5b81f6394a99,data/resized test 19
674,5b931245433c,data/resized test 19
675,5baaa0041555,data/resized test 19
676,5bd9e507ed71,data/resized test 19
677,5c081b9e1c7f,data/resized test 19
678,5c1ed0268157,data/resized test 19
679,5c3872c226bb,data/resized test 19
680,5ca89ec3c507,data/resized test 19
681,5cbc7df5a21c,data/resized test 19
682,5cfc10f6114c,data/resized test 19
683,5d26d29704ad,data/resized test 19
684,5d2e1e53b383,data/resized test 19
685,5d3d0306074c,data/resized test 19
686,5d3f125976eb,data/resized test 19
687,5d443c9e3d39,data/resized test 19
688,5d62c37386fc,data/resized test 19
689,5d6b9a2fddbf,data/resized test 19
690,5d97ebd575cd,data/resized test 19
691,5db032900d31,data/resized test 19
692,5db5832b333b,data/resized test 19
693,5dc52ff46300,data/resized test 19
694,5de19dac4ac3,data/resized test 19
695,5de413ba9250,data/resized test 19
696,5ea81ad2e8f2,data/resized test 19
697,5ebc9dbbe79d,data/resized test 19
698,5ed96c970a57,data/resized test 19
699,5edf6828c280,data/resized test 19
700,5f06b715ea24,data/resized test 19
701,5f158adf5bbc,data/resized test 19
702,5f4dec014acf,data/resized test 19
703,5f84992353f8,data/resized test 19
704,5fa2f89a0ec2,data/resized test 19
705,600afae2d4e9,data/resized test 19
706,600b2b469a2f,data/resized test 19
707,605359a98377,data/resized test 19
708,607f40adf8b1,data/resized test 19
709,60849fa4a14a,data/resized test 19
710,60c6583fa35c,data/resized test 19
711,6124e6a4ad00,data/resized test 19
712,616a989990b0,data/resized test 19
713,619ce2c77917,data/resized test 19
714,61cd9c25c7d3,data/resized test 19
715,61ddbcedbc9e,data/resized test 19
716,61ff3873c036,data/resized test 19
717,6220b43ea8eb,data/resized test 19
718,624ebaffb2ab,data/resized test 19
719,6263433f1991,data/resized test 19
720,626fe00f5cf7,data/resized test 19
721,627997ab6ba3,data/resized test 19
722,6290dba05950,data/resized test 19
723,62917dbb7858,data/resized test 19
724,62d9da36bd9e,data/resized test 19
725,62df7040b3df,data/resized test 19
726,6356f9dd9fdc,data/resized test 19
727,6365da11bf72,data/resized test 19
728,636997a49fcb,data/resized test 19
729,63826c56eeac,data/resized test 19
730,638a49bc4928,data/resized test 19
731,63dd40d7439b,data/resized test 19
732,63f3c188ccb6,data/resized test 19
733,63f6b0fe5bbf,data/resized test 19
734,643ff5d1f90f,data/resized test 19
735,644f1ba18d8b,data/resized test 19
736,6466e474e048,data/resized test 19
737,64a4926e85b5,data/resized test 19
738,64a507309332,data/resized test 19
739,64d749faea54,data/resized test 19
740,6508c11c4785,data/resized test 19
741,65153f9ad387,data/resized test 19
742,652a1edabdb7,data/resized test 19
743,652a7d1e42cf,data/resized test 19
744,6543b4168f98,data/resized test 19
745,657b8609f26f,data/resized test 19
746,659f752cb810,data/resized test 19
747,65cf08a0ecc8,data/resized test 19
748,662785685674,data/resized test 19
749,66304c1099a0,data/resized test 19
750,667ec71b5003,data/resized test 19
751,66bce216e103,data/resized test 19
752,67b614d32bcc,data/resized test 19
753,6825ccf0affe,data/resized test 19
754,682baef89ab6,data/resized test 19
755,6833ab2550c9,data/resized test 19
756,6853d1c8546d,data/resized test 19
757,687856bd64a7,data/resized test 19
758,68823df37247,data/resized test 19
759,688ae4721ccd,data/resized test 19
760,689d028fe647,data/resized test 19
761,689d5626e98a,data/resized test 19
762,68a6c5d949f5,data/resized test 19
763,68aa38df13d5,data/resized test 19
764,68d97772bd3a,data/resized test 19
765,6938b334d93b,data/resized test 19
766,697fb916ad18,data/resized test 19
767,69b3f1028e99,data/resized test 19
768,69bf0233198e,data/resized test 19
769,69d21c5c7dce,data/resized test 19
770,69f0ca93349a,data/resized test 19
771,6a0f21edb0d8,data/resized test 19
772,6a1ee951c1d5,data/resized test 19
773,6a27a25f7a0c,data/resized test 19
774,6a4936e83256,data/resized test 19
775,6a4a51e42782,data/resized test 19
776,6a4ab4927ee7,data/resized test 19
777,6a54653ad12b,data/resized test 19
778,6a6b6dc586c8,data/resized test 19
779,6ad7b5beef75,data/resized test 19
780,6ae0afd18f89,data/resized test 19
781,6aecc3aa2de7,data/resized test 19
782,6afb888c1c74,data/resized test 19
783,6b26135a16f1,data/resized test 19
784,6b62d4aae182,data/resized test 19
785,6b7d26aea1e9,data/resized test 19
786,6c3053baeb67,data/resized test 19
787,6c96703bc565,data/resized test 19
788,6d0df0ec5fd7,data/resized test 19
789,6d41b03ce069,data/resized test 19
790,6d51db325a98,data/resized test 19
791,6d7f586a4f82,data/resized test 19
792,6dce3f20de26,data/resized test 19
793,6dd2dbd802ea,data/resized test 19
794,6e19f08344ed,data/resized test 19
795,6e239ecaad8d,data/resized test 19
796,6e2d7cee2d91,data/resized test 19
797,6e2f3f746226,data/resized test 19
798,6e48f854f7e6,data/resized test 19
799,6e56361bbd36,data/resized test 19
800,6e5887ae04c7,data/resized test 19
801,6ea2fc471536,data/resized test 19
802,6eb52b81fa50,data/resized test 19
803,6ec54031d7ca,data/resized test 19
804,6ed92d0b2f78,data/resized test 19
805,6ed9e38a4239,data/resized test 19
806,6ef23497ea54,data/resized test 19
807,6f275262123c,data/resized test 19
808,6f43a3d1ed0a,data/resized test 19
809,6f5f99d0480c,data/resized test 19
810,6f8a7b6b30c2,data/resized test 19
811,7007d3ba7e79,data/resized test 19
812,70115c0f75cf,data/resized test 19
813,7015c532679c,data/resized test 19
814,701ac49e32d2,data/resized test 19
815,7031ca7c5ee1,data/resized test 19
816,704c6f80bb20,data/resized test 19
817,70a51d863a5e,data/resized test 19
818,70f660f46630,data/resized test 19
819,71047d5e7299,data/resized test 19
820,71291389a55d,data/resized test 19
821,7136203550af,data/resized test 19
822,716b001ba7a4,data/resized test 19
823,71d124893573,data/resized test 19
824,71eba9a97184,data/resized test 19
825,720267b6630b,data/resized test 19
826,7205b4cbc184,data/resized test 19
827,724929cecee3,data/resized test 19
828,724afd41a9fa,data/resized test 19
829,72b8b473ffbd,data/resized test 19
830,72dd7ca97f55,data/resized test 19
831,732aa8f82078,data/resized test 19
832,73894f64bcb1,data/resized test 19
833,73a0917d732b,data/resized test 19
834,73b897339735,data/resized test 19
835,741ef20e5e28,data/resized test 19
836,74342f5181a9,data/resized test 19
837,74350fe494ba,data/resized test 19
838,7454c19acf81,data/resized test 19
839,74b0edef5063,data/resized test 19
840,74b5ba54d7cc,data/resized test 19
841,74c97e963ca4,data/resized test 19
842,74df1775ee07,data/resized test 19
843,74fbfe8eefd2,data/resized test 19
844,755615db51d3,data/resized test 19
845,75b6ffa63525,data/resized test 19
846,75bca27c127d,data/resized test 19
847,75c6563ed058,data/resized test 19
848,75d1e729c75d,data/resized test 19
849,760f9f1cf5c2,data/resized test 19
850,7614373a95a0,data/resized test 19
851,762107ec466c,data/resized test 19
852,7635124f70f8,data/resized test 19
853,763bfd250520,data/resized test 19
854,764b9b51cd9f,data/resized test 19
855,764e6ea355ac,data/resized test 19
856,767cf5fccd97,data/resized test 19
857,7690663d8171,data/resized test 19
858,76a1bc72e45f,data/resized test 19
859,76b15ed2d4be,data/resized test 19
860,76c854fde95e,data/resized test 19
861,76d8e779d555,data/resized test 19
862,7715276d2551,data/resized test 19
863,77283954f311,data/resized test 19
864,7744ab973027,data/resized test 19
865,774cafde22b5,data/resized test 19
866,7754a10b07ae,data/resized test 19
867,7764e684c8d4,data/resized test 19
868,77978316c53a,data/resized test 19
869,779f70ddc126,data/resized test 19
870,77cf0d228a12,data/resized test 19
871,77f1ffe777b7,data/resized test 19
872,782cdccbdb1a,data/resized test 19
873,783b3787c36d,data/resized test 19
874,78747a58eabc,data/resized test 19
875,78816c91ac9a,data/resized test 19
876,7889e79f59f6,data/resized test 19
877,7898c981032a,data/resized test 19
878,78bdd1ecee00,data/resized test 19
879,78ce997489a4,data/resized test 19
880,791fbce04aa5,data/resized test 19
881,793ae37853b4,data/resized test 19
882,7959bb5d9fa2,data/resized test 19
883,79726ebe9844,data/resized test 19
884,79adfdcb827f,data/resized test 19
885,7a34808e1e70,data/resized test 19
886,7a4d0a3b5e5a,data/resized test 19
887,7a5b1c716560,data/resized test 19
888,7a75f799ecaf,data/resized test 19
889,7a7f72b1c5ce,data/resized test 19
890,7a9b50cd9a1c,data/resized test 19
891,7ac156fd3932,data/resized test 19
892,7af3af7910a4,data/resized test 19
893,7b03611c6d88,data/resized test 19
894,7b17a0d85204,data/resized test 19
895,7b66133d42cf,data/resized test 19
896,7ba4225b323e,data/resized test 19
897,7baa6e053baf,data/resized test 19
898,7bafbda8b8f7,data/resized test 19
899,7bebe5198246,data/resized test 19
900,7c0748d6d669,data/resized test 19
901,7c0c20cd8114,data/resized test 19
902,7c10eeb5f1ee,data/resized test 19
903,7c1d86c79903,data/resized test 19
904,7ca07d02a1ff,data/resized test 19
905,7d15cfc7fc45,data/resized test 19
906,7d182df47a75,data/resized test 19
907,7d2243c508d8,data/resized test 19
908,7d353a9d3218,data/resized test 19
909,7d593a4da56f,data/resized test 19
910,7d67e38d7ba6,data/resized test 19
911,7d6ea897ee30,data/resized test 19
912,7d747f8387a8,data/resized test 19
913,7d7cbd5ee1b3,data/resized test 19
914,7dcbbc17fe47,data/resized test 19
915,7dfc3db13445,data/resized test 19
916,7e0ec22cb51b,data/resized test 19
917,7e1f51fbb458,data/resized test 19
918,7e5b5318671f,data/resized test 19
919,7eb119b81d16,data/resized test 19
920,7eeed2e26c9f,data/resized test 19
921,7f0920d6072e,data/resized test 19
922,7f3d521363ab,data/resized test 19
923,7f9c86406c62,data/resized test 19
924,7fa21762b1c3,data/resized test 19
925,7fe2cff51752,data/resized test 19
926,7ffecef49237,data/resized test 19
927,805103f04fd6,data/resized test 19
928,808f32272dc8,data/resized test 19
929,80921264504c,data/resized test 19
930,80976eb17462,data/resized test 19
931,80aa9b30d2f9,data/resized test 19
932,80d85db5fe6f,data/resized test 19
933,80ffe924f95b,data/resized test 19
934,810b1ef05d20,data/resized test 19
935,810b9603c241,data/resized test 19
936,8142cc87ebb9,data/resized test 19
937,81a9391f7828,data/resized test 19
938,81ed0c587703,data/resized test 19
939,8208638fc7cf,data/resized test 19
940,8214256b4e51,data/resized test 19
941,82515c8bfd5e,data/resized test 19
942,82566de7f4d1,data/resized test 19
943,828ad210e3e2,data/resized test 19
944,82a412dba6cd,data/resized test 19
945,82cdbde2bd94,data/resized test 19
946,82eecce4cb86,data/resized test 19
947,8305107835c6,data/resized test 19
948,831826087154,data/resized test 19
949,8327efe946c2,data/resized test 19
950,836324a89d99,data/resized test 19
951,836b43b8c125,data/resized test 19
952,83bd9d017f84,data/resized test 19
953,83c31eeeca0e,data/resized test 19
954,83cfacba2dd7,data/resized test 19
955,848091b1f5d0,data/resized test 19
956,84acea0b8a00,data/resized test 19
957,84eff2a86662,data/resized test 19
958,85035afa9b10,data/resized test 19
959,85105e9ab635,data/resized test 19
960,855d60689040,data/resized test 19
961,85601f22d90d,data/resized test 19
962,8571e10b7294,data/resized test 19
963,857e2dafc6d0,data/resized test 19
964,85ceca982305,data/resized test 19
965,85f608bcb50a,data/resized test 19
966,862cc91ef3f0,data/resized test 19
967,8634cfaa63c5,data/resized test 19
968,86683eb8921e,data/resized test 19
969,86c179395e2b,data/resized test 19
970,86ca8c8d563d,data/resized test 19
971,86fd5df366b2,data/resized test 19
972,87252c491c19,data/resized test 19
973,872d2097a7ad,data/resized test 19
974,87487c4c4ddc,data/resized test 19
975,8750b8bfe28a,data/resized test 19
976,8798cccbcb0d,data/resized test 19
977,880eacc5ab23,data/resized test 19
978,881ab102a44e,data/resized test 19
979,881c69e5dcd8,data/resized test 19
980,887b4413f87c,data/resized test 19
981,88e0bd76f4c9,data/resized test 19
982,88fda3e06e05,data/resized test 19
983,890dd0b1921b,data/resized test 19
984,8914493483f5,data/resized test 19
985,8927a914c9c8,data/resized test 19
986,8930d35c9076,data/resized test 19
987,8938eb4d9c63,data/resized test 19
988,8939b6701f96,data/resized test 19
989,893b140bd358,data/resized test 19
990,8943b2b8c8ea,data/resized test 19
991,8944ffa47333,data/resized test 19
992,896c75533897,data/resized test 19
993,898232c36d81,data/resized test 19
994,89a37093baa9,data/resized test 19
995,89f1314e2c10,data/resized test 19
996,8a177340ac5a,data/resized test 19
997,8a1791bd2bb0,data/resized test 19
998,8a2b969112a7,data/resized test 19
999,8aba1a000d36,data/resized test 19
1000,8adf13f4fc16,data/resized test 19
1001,8ae672ef2f60,data/resized test 19
1002,8afe0b63efa5,data/resized test 19
1003,8affa9a1fecd,data/resized test 19
1004,8b27d742f971,data/resized test 19
1005,8b83f4b2d1a9,data/resized test 19
1006,8b840ed255d8,data/resized test 19
1007,8b96e506768c,data/resized test 19
1008,8bb4dfa61806,data/resized test 19
1009,8bbef4ac9702,data/resized test 19
1010,8bdd17b5974b,data/resized test 19
1011,8bdd3a1895c8,data/resized test 19
1012,8c0f725874af,data/resized test 19
1013,8c41de06d44e,data/resized test 19
1014,8c45490f701a,data/resized test 19
1015,8c49d9de02d6,data/resized test 19
1016,8c4b2c26e478,data/resized test 19
1017,8c4bb8e93f24,data/resized test 19
1018,8c6ccbe00895,data/resized test 19
1019,8c9cf6f116be,data/resized test 19
1020,8ca8da22d961,data/resized test 19
1021,8cbefbaed16e,data/resized test 19
1022,8cf4258bd346,data/resized test 19
1023,8cfa1b047c34,data/resized test 19
1024,8cfe2de3e7f4,data/resized test 19
1025,8d01494c2821,data/resized test 19
1026,8d0bcd4ebff6,data/resized test 19
1027,8d72498b9e30,data/resized test 19
1028,8d892f6b5976,data/resized test 19
1029,8d955a3d9286,data/resized test 19
1030,8daed4c00661,data/resized test 19
1031,8dc530ad4a1e,data/resized test 19
1032,8dd1c698ae62,data/resized test 19
1033,8e4cf64ec035,data/resized test 19
1034,8e83a8ae27cf,data/resized test 19
1035,8ea5698a1619,data/resized test 19
1036,8eec629c3c8b,data/resized test 19
1037,8efd5ed7c4d8,data/resized test 19
1038,8f4612fa90aa,data/resized test 19
1039,8f4ffa0d4f74,data/resized test 19
1040,8f874a9724df,data/resized test 19
1041,8fb196f59171,data/resized test 19
1042,8fc5d55a4ece,data/resized test 19
1043,8fc74bd50fcb,data/resized test 19
1044,8fcc91d6e28f,data/resized test 19
1045,8fdecd6a923d,data/resized test 19
1046,9003ab48ebb8,data/resized test 19
1047,9006234e30cf,data/resized test 19
1048,901028c2b54f,data/resized test 19
1049,9031d62a6efb,data/resized test 19
1050,90c98069e6f1,data/resized test 19
1051,90f3a3addf92,data/resized test 19
1052,90fc89319207,data/resized test 19
1053,9156e3f3a878,data/resized test 19
1054,91705661f6a8,data/resized test 19
1055,9193a240b495,data/resized test 19
1056,91b81018ff9d,data/resized test 19
1057,91cb9f86e456,data/resized test 19
1058,91fb0a2a63fd,data/resized test 19
1059,91fc4b2b8c1c,data/resized test 19
1060,91fd830b7677,data/resized test 19
1061,9215a3ce482b,data/resized test 19
1062,9240b949fdc0,data/resized test 19
1063,925967c408c7,data/resized test 19
1064,9266068354b4,data/resized test 19
1065,9285ad837947,data/resized test 19
1066,9295bc2a4c7a,data/resized test 19
1067,929ae04a77a9,data/resized test 19
1068,92c773457ab2,data/resized test 19
1069,92eb43fbfd8b,data/resized test 19
1070,92ebf5417491,data/resized test 19
1071,92f5e1793a37,data/resized test 19
1072,9305aafdde3d,data/resized test 19
1073,9311beca06a7,data/resized test 19
1074,93220677378c,data/resized test 19
1075,9324f4ff95d2,data/resized test 19
1076,933724df128e,data/resized test 19
1077,9375f39522ab,data/resized test 19
1078,938a59f04582,data/resized test 19
1079,93aa0b383db9,data/resized test 19
1080,93b480980afb,data/resized test 19
1081,93c1af8b625c,data/resized test 19
1082,93cbafc82f37,data/resized test 19
1083,94017cfa574e,data/resized test 19
1084,94281fced6bb,data/resized test 19
1085,944678405e5e,data/resized test 19
1086,948c75fbe02f,data/resized test 19
1087,9496a9b6c38e,data/resized test 19
1088,94a6e4f3c625,data/resized test 19
1089,94fac9bf79e0,data/resized test 19
1090,95485b752436,data/resized test 19
1091,95753b394d4c,data/resized test 19
1092,95838f27bb23,data/resized test 19
1093,95c3558dc279,data/resized test 19
1094,95dafd1d5f47,data/resized test 19
1095,95e13f31b451,data/resized test 19
1096,9600b8ad9d49,data/resized test 19
1097,96261748266e,data/resized test 19
1098,96602edec13c,data/resized test 19
1099,967b01064b9c,data/resized test 19
1100,96a3a01f0522,data/resized test 19
1101,96a8532d5bc5,data/resized test 19
1102,96c199f2afcb,data/resized test 19
1103,96c21d31212c,data/resized test 19
1104,96c3445bf5cd,data/resized test 19
1105,97168872e4de,data/resized test 19
1106,9730d08edebd,data/resized test 19
1107,9772f0ba0ee7,data/resized test 19
1108,978eaa69ae93,data/resized test 19
1109,97c4f207ae56,data/resized test 19
1110,97cc3916d882,data/resized test 19
1111,97f6cff9be9d,data/resized test 19
1112,980b5ca190ce,data/resized test 19
1113,981115ef58ed,data/resized test 19
1114,983b3a401c9e,data/resized test 19
1115,983f2756d8be,data/resized test 19
1116,987f80393a5a,data/resized test 19
1117,989379d3303a,data/resized test 19
1118,98b2af334295,data/resized test 19
1119,98b46d9f4731,data/resized test 19
1120,98c2c42a0317,data/resized test 19
1121,98c3ff1b4001,data/resized test 19
1122,98e2a0c2238d,data/resized test 19
1123,98f7c1cefa4b,data/resized test 19
1124,990c506d8de0,data/resized test 19
1125,995eb7091756,data/resized test 19
1126,99b0bee3bca7,data/resized test 19
1127,99b5603c3ddd,data/resized test 19
1128,99b6b8ecbcfa,data/resized test 19
1129,99c6cf808e47,data/resized test 19
1130,99fe5175a56f,data/resized test 19
1131,9a33293f90b5,data/resized test 19
1132,9a36c6d23fe8,data/resized test 19
1133,9a514aa26e2f,data/resized test 19
1134,9a7e2e8fa01a,data/resized test 19
1135,9a9091fd7806,data/resized test 19
1136,9aaf74b298c2,data/resized test 19
1137,9ae71f3f62d1,data/resized test 19
1138,9b325a96f41a,data/resized test 19
1139,9b4b809730ec,data/resized test 19
1140,9b5f62614c14,data/resized test 19
1141,9b9907171049,data/resized test 19
1142,9baaa9117adb,data/resized test 19
1143,9bd683e16325,data/resized test 19
1144,9c27b212d50b,data/resized test 19
1145,9c2c32cbda5a,data/resized test 19
1146,9c5ba656e978,data/resized test 19
1147,9c73a69a7911,data/resized test 19
1148,9cd7e434aa47,data/resized test 19
1149,9d19500e74c9,data/resized test 19
1150,9d2327e95076,data/resized test 19
1151,9d3000de91bd,data/resized test 19
1152,9d5061ccc54c,data/resized test 19
1153,9d71c73256a8,data/resized test 19
1154,9d9de8c9afb5,data/resized test 19
1155,9db8a8b68de9,data/resized test 19
1156,9df628dd2d68,data/resized test 19
1157,9eabe2bdf1e9,data/resized test 19
1158,9eac62719123,data/resized test 19
1159,9ec84fe4292a,data/resized test 19
1160,9ed194d1942c,data/resized test 19
1161,9ede102f5e7b,data/resized test 19
1162,9efba19d237c,data/resized test 19
1163,9f124cfb3f5d,data/resized test 19
1164,9f1af957139f,data/resized test 19
1165,9f2317a63b63,data/resized test 19
1166,9f2539320e85,data/resized test 19
1167,9f3457c79515,data/resized test 19
1168,9f70f457f732,data/resized test 19
1169,9f7eaf224b00,data/resized test 19
1170,9f90ceaacec9,data/resized test 19
1171,9fd4cd92b5e3,data/resized test 19
1172,9fe34f463cef,data/resized test 19
1173,9ff8eaf27f82,data/resized test 19
1174,a00e9f3e46b3,data/resized test 19
1175,a0445b9d4930,data/resized test 19
1176,a07855461605,data/resized test 19
1177,a0ad897e6ef3,data/resized test 19
1178,a0c6e8c3c68f,data/resized test 19
1179,a0cc05ce59fa,data/resized test 19
1180,a0d3fd0386d9,data/resized test 19
1181,a131a9496b82,data/resized test 19
1182,a1452b3e185b,data/resized test 19
1183,a14c98b20437,data/resized test 19
1184,a150cde164c1,data/resized test 19
1185,a15d713a7782,data/resized test 19
1186,a18e97c55688,data/resized test 19
1187,a1eb5f42737e,data/resized test 19
1188,a203f9f5c288,data/resized test 19
1189,a20cb71c8cb8,data/resized test 19
1190,a2183cf3a237,data/resized test 19
1191,a2319c2af727,data/resized test 19
1192,a23f0953f08c,data/resized test 19
1193,a252632b8c91,data/resized test 19
1194,a252a97fbaec,data/resized test 19
1195,a2c2dcbcc398,data/resized test 19
1196,a2d894364873,data/resized test 19
1197,a3537724b9a5,data/resized test 19
1198,a3e5281f3158,data/resized test 19
1199,a4105f653783,data/resized test 19
1200,a435c6136916,data/resized test 19
1201,a444ca028295,data/resized test 19
1202,a48d59891a94,data/resized test 19
1203,a49b59299236,data/resized test 19
1204,a512464b26bf,data/resized test 19
1205,a5867e3dde29,data/resized test 19
1206,a5b28de176ba,data/resized test 19
1207,a5ea92b7864c,data/resized test 19
1208,a6135b708059,data/resized test 19
1209,a6276ef5053b,data/resized test 19
1210,a62983766a21,data/resized test 19
1211,a6533f3144ba,data/resized test 19
1212,a6556e9206b2,data/resized test 19
1213,a66d287411ee,data/resized test 19
1214,a67503dd5c37,data/resized test 19
1215,a678c7bdd312,data/resized test 19
1216,a69162579d65,data/resized test 19
1217,a6940316fe47,data/resized test 19
1218,a6aa2030d1f6,data/resized test 19
1219,a6d6248e1d55,data/resized test 19
1220,a6e5dd321ae4,data/resized test 19
1221,a71375ac84f6,data/resized test 19
1222,a766e99ac908,data/resized test 19
1223,a7699068be9a,data/resized test 19
1224,a77c37529ee7,data/resized test 19
1225,a78b86e53095,data/resized test 19
1226,a7c338c946be,data/resized test 19
1227,a807402308f2,data/resized test 19
1228,a8798ba9d196,data/resized test 19
1229,a87e705d63ee,data/resized test 19
1230,a8a268334c78,data/resized test 19
1231,a8df9599a564,data/resized test 19
1232,a9006f6480a7,data/resized test 19
1233,a924c71421de,data/resized test 19
1234,a93db82a21e1,data/resized test 19
1235,a94217c6d4fb,data/resized test 19
1236,a958957485f1,data/resized test 19
1237,a99e7996c664,data/resized test 19
1238,a9bc8e153c30,data/resized test 19
1239,aa2c125a8ab8,data/resized test 19
1240,aa381cb2abd2,data/resized test 19
1241,aa60bff84a4c,data/resized test 19
1242,aa7e34315323,data/resized test 19
1243,aaa2cf8d02ef,data/resized test 19
1244,aabeb044a306,data/resized test 19
1245,aad278dd0f28,data/resized test 19
1246,aad8225d1252,data/resized test 19
1247,aad86eddfe58,data/resized test 19
1248,ab1fc7f40d64,data/resized test 19
1249,ab20ac20337a,data/resized test 19
1250,ab27ad586cce,data/resized test 19
1251,ab2daf10fd97,data/resized test 19
1252,ab3050f000f5,data/resized test 19
1253,ab49679c489a,data/resized test 19
1254,ab51d81bb302,data/resized test 19
1255,ab59dfa8dfa2,data/resized test 19
1256,ab6a3748da27,data/resized test 19
1257,ab796d05745b,data/resized test 19
1258,ab7acf4fcbf0,data/resized test 19
1259,abd5b64eb7c8,data/resized test 19
1260,abd992633744,data/resized test 19
1261,ac1ead3c51c6,data/resized test 19
1262,ac601d2e714d,data/resized test 19
1263,ac65fb85276d,data/resized test 19
1264,ac6c7462887b,data/resized test 19
1265,ac93ddd2c5a7,data/resized test 19
1266,acb0e59ebfcd,data/resized test 19
1267,acb732e347c0,data/resized test 19
1268,acd52452b9a2,data/resized test 19
1269,acd5ea4e65ee,data/resized test 19
1270,ad13303b17c9,data/resized test 19
1271,ad1cbd4b97ad,data/resized test 19
1272,ad225d153500,data/resized test 19
1273,ad24860aee94,data/resized test 19
1274,ad25a4f5beba,data/resized test 19
1275,ad4c27a10804,data/resized test 19
1276,ad7675128e0c,data/resized test 19
1277,ad893b080457,data/resized test 19
1278,adb38b7630c7,data/resized test 19
1279,ade59f8a4564,data/resized test 19
1280,ae1cc896a422,data/resized test 19
1281,ae23bd4b0b57,data/resized test 19
1282,ae2fda60811b,data/resized test 19
1283,ae307e24355b,data/resized test 19
1284,ae39a208b180,data/resized test 19
1285,ae3ab8ac036c,data/resized test 19
1286,ae43fbdb0db5,data/resized test 19
1287,ae61b6385750,data/resized test 19
1288,af12ccf257d3,data/resized test 19
1289,af1b40174e18,data/resized test 19
1290,af1d9213ef42,data/resized test 19
1291,af79af943ec6,data/resized test 19
1292,af894868d352,data/resized test 19
1293,af8c79d4a864,data/resized test 19
1294,af9d45e2f834,data/resized test 19
1295,afb77c0d5ca3,data/resized test 19
1296,afb7907b77d9,data/resized test 19
1297,afc9e5eb7158,data/resized test 19
1298,afe3ed0f5671,data/resized test 19
1299,afe657fa2f7d,data/resized test 19
1300,b00235fc4967,data/resized test 19
1301,b01de692186b,data/resized test 19
1302,b042fdb1e1a1,data/resized test 19
1303,b0767b7577e4,data/resized test 19
1304,b081fecd7600,data/resized test 19
1305,b09e9ba256f7,data/resized test 19
1306,b0ac3ccbfb36,data/resized test 19
1307,b0b0d564e6c6,data/resized test 19
1308,b0c55927f712,data/resized test 19
1309,b0d2c5ac27ed,data/resized test 19
1310,b0fc3ca722ba,data/resized test 19
1311,b16787f65d49,data/resized test 19
1312,b17545486692,data/resized test 19
1313,b1ea863519a7,data/resized test 19
1314,b1f69a5b75d4,data/resized test 19
1315,b1fe958f25d1,data/resized test 19
1316,b214c2228c53,data/resized test 19
1317,b21c1ff1bb64,data/resized test 19
1318,b22d649a343a,data/resized test 19
1319,b243620b82aa,data/resized test 19
1320,b26d1ec8c81a,data/resized test 19
1321,b27b5b53e383,data/resized test 19
1322,b28619c58d35,data/resized test 19
1323,b29bd35acaf6,data/resized test 19
1324,b31e601ffdc7,data/resized test 19
1325,b3aaa2cd3308,data/resized test 19
1326,b3db392f5ee8,data/resized test 19
1327,b40863d24767,data/resized test 19
1328,b430b6148d0b,data/resized test 19
1329,b4316f572eaa,data/resized test 19
1330,b436e2bfeabe,data/resized test 19
1331,b48785a5f763,data/resized test 19
1332,b4aa74fa7811,data/resized test 19
1333,b4f238551dfe,data/resized test 19
1334,b4f43e48009a,data/resized test 19
1335,b501a5bdd0cc,data/resized test 19
1336,b510ee1cfc21,data/resized test 19
1337,b5190b4f1d59,data/resized test 19
1338,b59604582a69,data/resized test 19
1339,b5967c4f8545,data/resized test 19
1340,b5a43f4f66b6,data/resized test 19
1341,b5c4cae30f91,data/resized test 19
1342,b5d91947038f,data/resized test 19
1343,b5dfdc8b2b87,data/resized test 19
1344,b5ef4a1296d4,data/resized test 19
1345,b6017bf3847d,data/resized test 19
1346,b62254c29af8,data/resized test 19
1347,b6937fc5672f,data/resized test 19
1348,b6a4d7da60a7,data/resized test 19
1349,b6cf540b6935,data/resized test 19
1350,b6e7ae30e458,data/resized test 19
1351,b70b29ad9e23,data/resized test 19
1352,b75dedf39e2a,data/resized test 19
1353,b78412d404fc,data/resized test 19
1354,b7950b4753f9,data/resized test 19
1355,b79bc424675f,data/resized test 19
1356,b7b9839a025b,data/resized test 19
1357,b7c8cd2a6b2c,data/resized test 19
1358,b7d617607c6e,data/resized test 19
1359,b807f431700b,data/resized test 19
1360,b82e6271eaa5,data/resized test 19
1361,b856313783fb,data/resized test 19
1362,b876a85c43f9,data/resized test 19
1363,b8b36543507f,data/resized test 19
1364,b8c5029576f7,data/resized test 19
1365,b8e0fb561c0c,data/resized test 19
1366,b8fe9bf02740,data/resized test 19
1367,b90a9ac76003,data/resized test 19
1368,b9195b82342b,data/resized test 19
1369,b92c3f9c4f1a,data/resized test 19
1370,b93f6b61c889,data/resized test 19
1371,b9896cdaa409,data/resized test 19
1372,b9a598e33aa9,data/resized test 19
1373,b9d2e411d7a5,data/resized test 19
1374,b9ee6ecab720,data/resized test 19
1375,b9f4fa36c061,data/resized test 19
1376,ba1ad5bac85c,data/resized test 19
1377,ba1c620284fa,data/resized test 19
1378,ba2fc27e7f12,data/resized test 19
1379,ba482933d0e3,data/resized test 19
1380,ba8e74535796,data/resized test 19
1381,ba9dbc90fdf1,data/resized test 19
1382,bab03e16c029,data/resized test 19
1383,badf9d11fe77,data/resized test 19
1384,bae2e0f0943e,data/resized test 19
1385,baf2f593243e,data/resized test 19
1386,bafc8f7940f0,data/resized test 19
1387,bb0f83e7224f,data/resized test 19
1388,bb25b28d11c4,data/resized test 19
1389,bb4a8b80b7ee,data/resized test 19
1390,bb53d6785e8a,data/resized test 19
1391,bbc58fd26e9d,data/resized test 19
1392,bc0a50485c85,data/resized test 19
1393,bc2a4b1c45b0,data/resized test 19
1394,bc7419fa4437,data/resized test 19
1395,bc8d12d09cf0,data/resized test 19
1396,bc9d8ac89c82,data/resized test 19
1397,bca38b014cdd,data/resized test 19
1398,bccb2c2c4216,data/resized test 19
1399,bd027726e13b,data/resized test 19
1400,bd3bd6aac8e2,data/resized test 19
1401,bda2d5ca6f7c,data/resized test 19
1402,bde27560a3b8,data/resized test 19
1403,be110f3aad85,data/resized test 19
1404,be640164686b,data/resized test 19
1405,be644233f515,data/resized test 19
1406,be6eaf53228f,data/resized test 19
1407,be71e340dbaa,data/resized test 19
1408,be99a17d1158,data/resized test 19
1409,becb5885318b,data/resized test 19
1410,beda8915324d,data/resized test 19
1411,bee2621d5a8e,data/resized test 19
1412,bef30368d78d,data/resized test 19
1413,bf0a40de1790,data/resized test 19
1414,bf441174ad79,data/resized test 19
1415,bf599a93ca9b,data/resized test 19
1416,bf94a80a5ce1,data/resized test 19
1417,bfd3dcc96967,data/resized test 19
1418,bfeaf538c6ca,data/resized test 19
1419,c03b523cfb2d,data/resized test 19
1420,c03c647fde23,data/resized test 19
1421,c04f7d5ac56e,data/resized test 19
1422,c064277b8cc6,data/resized test 19
1423,c0b5445db374,data/resized test 19
1424,c0cb34b0f29f,data/resized test 19
1425,c0f1ea4d0215,data/resized test 19
1426,c0f6ebbff5dd,data/resized test 19
1427,c0f949e900cc,data/resized test 19
1428,c11b3794d4e9,data/resized test 19
1429,c13e52ea958e,data/resized test 19
1430,c16e200bb026,data/resized test 19
1431,c18a0972d652,data/resized test 19
1432,c19b684d1f54,data/resized test 19
1433,c19e4d3f6e92,data/resized test 19
1434,c1a060f49e24,data/resized test 19
1435,c1b6188f46c9,data/resized test 19
1436,c1ddef7c2411,data/resized test 19
1437,c1df61ca9c16,data/resized test 19
1438,c1f4bc49a4c5,data/resized test 19
1439,c1f5f01d7615,data/resized test 19
1440,c23ba42c5251,data/resized test 19
1441,c275d57d4cf9,data/resized test 19
1442,c2ab32a760b6,data/resized test 19
1443,c2fa7e44f4bd,data/resized test 19
1444,c320df3fe094,data/resized test 19
1445,c3214eb3f870,data/resized test 19
1446,c346339ff00f,data/resized test 19
1447,c370a38c855e,data/resized test 19
1448,c38bfcb69bac,data/resized test 19
1449,c39399ebd841,data/resized test 19
1450,c39c40be80e9,data/resized test 19
1451,c39d7fde814c,data/resized test 19
1452,c3e13501e198,data/resized test 19
1453,c3e311d899ed,data/resized test 19
1454,c3fea3498883,data/resized test 19
1455,c423a0b222de,data/resized test 19
1456,c434df57e02b,data/resized test 19
1457,c43d6133ca37,data/resized test 19
1458,c475aefa6255,data/resized test 19
1459,c47fe8e08b85,data/resized test 19
1460,c49c47887520,data/resized test 19
1461,c4a81ee6362b,data/resized test 19
1462,c4cfcc09fdf1,data/resized test 19
1463,c537a3ca84b1,data/resized test 19
1464,c54f83a2d026,data/resized test 19
1465,c56dff0321fa,data/resized test 19
1466,c56f9d5ae96e,data/resized test 19
1467,c57e87ac7d8b,data/resized test 19
1468,c57f8905dc76,data/resized test 19
1469,c582e76be4a6,data/resized test 19
1470,c59e7e8eeeb5,data/resized test 19
1471,c5b9376b1031,data/resized test 19
1472,c5b9a7917858,data/resized test 19
1473,c5c5c97d4404,data/resized test 19
1474,c5e5fb775899,data/resized test 19
1475,c5f88666d031,data/resized test 19
1476,c5ff8e81f094,data/resized test 19
1477,c61d374afa32,data/resized test 19
1478,c623cd3dfc93,data/resized test 19
1479,c6340f6782f3,data/resized test 19
1480,c66bf1a7d923,data/resized test 19
1481,c689594e1738,data/resized test 19
1482,c69386aeafd3,data/resized test 19
1483,c697d6496c5a,data/resized test 19
1484,c6c76cf68bb8,data/resized test 19
1485,c6d804a72e73,data/resized test 19
1486,c70ef770980e,data/resized test 19
1487,c71728f9535b,data/resized test 19
1488,c723c0765065,data/resized test 19
1489,c72492c66aa4,data/resized test 19
1490,c751a13679f3,data/resized test 19
1491,c75940045da2,data/resized test 19
1492,c7b8aef7c746,data/resized test 19
1493,c7c003cdaaba,data/resized test 19
1494,c7f4b034a731,data/resized test 19
1495,c80eebab468d,data/resized test 19
1496,c829f6b37ac3,data/resized test 19
1497,c849b220a7b6,data/resized test 19
1498,c85bc4a45f7c,data/resized test 19
1499,c867b4547f66,data/resized test 19
1500,c8799272ed2f,data/resized test 19
1501,c883b941e7d7,data/resized test 19
1502,c8a498c984f3,data/resized test 19
1503,c8beb20d5a63,data/resized test 19
1504,c8e05928ba0f,data/resized test 19
1505,c8f81210b738,data/resized test 19
1506,c929f270bd89,data/resized test 19
1507,c9725a732b15,data/resized test 19
1508,c97946322879,data/resized test 19
1509,c9cac69b9ee0,data/resized test 19
1510,c9e283e1350a,data/resized test 19
1511,ca2521ce3704,data/resized test 19
1512,ca30526a247c,data/resized test 19
1513,ca38430b1d95,data/resized test 19
1514,ca948114cb53,data/resized test 19
1515,ca9d987ffde2,data/resized test 19
1516,cac200729b8c,data/resized test 19
1517,cad7be9b1e4a,data/resized test 19
1518,caf8c68b4b7f,data/resized test 19
1519,cb004a78aecf,data/resized test 19
1520,cb00fbc43f3a,data/resized test 19
1521,cb2319096cee,data/resized test 19
1522,cb2eaa6e87ad,data/resized test 19
1523,cb484b214c95,data/resized test 19
1524,cba1fb3d80e0,data/resized test 19
1525,cbdc19b70634,data/resized test 19
1526,cbde1c64f27e,data/resized test 19
1527,cbf8916e5abe,data/resized test 19
1528,cbfc17046ade,data/resized test 19
1529,cc232dbbb4d1,data/resized test 19
1530,cc95391f2576,data/resized test 19
1531,ccad8575f78c,data/resized test 19
1532,ccb1ebb98403,data/resized test 19
1533,ccb7656b082f,data/resized test 19
1534,ccba4cf55bf5,data/resized test 19
1535,ccc3e15fa536,data/resized test 19
1536,cccaeed0bc15,data/resized test 19
1537,cd41966d03ef,data/resized test 19
1538,cd45c48db97d,data/resized test 19
1539,cd6cb8eca034,data/resized test 19
1540,cdf3f1c8ec1d,data/resized test 19
1541,cdfa6bafa14b,data/resized test 19
1542,ce08ebfff762,data/resized test 19
1543,ce3ac82b2824,data/resized test 19
1544,ce588daddf8d,data/resized test 19
1545,ce6af5e7dd4b,data/resized test 19
1546,ce78805858b3,data/resized test 19
1547,ce79b62b49f7,data/resized test 19
1548,cee9079c5c8c,data/resized test 19
1549,cefdb6b7fda2,data/resized test 19
1550,cf00f7ff4409,data/resized test 19
1551,cf62a20429e5,data/resized test 19
1552,cf94420fc02c,data/resized test 19
1553,cf95d13f210a,data/resized test 19
1554,cf98137e0faa,data/resized test 19
1555,cf99da5598c2,data/resized test 19
1556,cfe6c3a302c4,data/resized test 19
1557,d00312c50737,data/resized test 19
1558,d02fd631b440,data/resized test 19
1559,d04d1e8302c1,data/resized test 19
1560,d055c5298145,data/resized test 19
1561,d073f7f99d46,data/resized test 19
1562,d07a177c50a2,data/resized test 19
1563,d07f7b3453ac,data/resized test 19
1564,d087cc94e803,data/resized test 19
1565,d099f9ee17f2,data/resized test 19
1566,d0c9ada304c5,data/resized test 19
1567,d0d9240fb267,data/resized test 19
1568,d0defe792d44,data/resized test 19
1569,d0ee299b99ca,data/resized test 19
1570,d13d82ddc158,data/resized test 19
1571,d166f5253f48,data/resized test 19
1572,d1873f49e545,data/resized test 19
1573,d18c404c056f,data/resized test 19
1574,d1a276276890,data/resized test 19
1575,d1d1999d1d64,data/resized test 19
1576,d1e17c1f626f,data/resized test 19
1577,d1edebb87566,data/resized test 19
1578,d1fbba2bd872,data/resized test 19
1579,d2379ffcd65e,data/resized test 19
1580,d23aa310a873,data/resized test 19
1581,d25c41b91aa6,data/resized test 19
1582,d26370778377,data/resized test 19
1583,d28249710414,data/resized test 19
1584,d29354018b36,data/resized test 19
1585,d29d5d08e8af,data/resized test 19
1586,d2d6fcb41a71,data/resized test 19
1587,d31da0ad1639,data/resized test 19
1588,d395e0984942,data/resized test 19
1589,d39d66f038ff,data/resized test 19
1590,d3e10a38cefb,data/resized test 19
1591,d4266ee268a8,data/resized test 19
1592,d463abce569a,data/resized test 19
1593,d465bf00f65f,data/resized test 19
1594,d481ddad16f2,data/resized test 19
1595,d490d6bf7a9c,data/resized test 19
1596,d4fe9da627c7,data/resized test 19
1597,d50c55a3c762,data/resized test 19
1598,d557cff45218,data/resized test 19
1599,d5641bbb70f4,data/resized test 19
1600,d57bdb46e998,data/resized test 19
1601,d5d1482f6b6b,data/resized test 19
1602,d5e760a949b9,data/resized test 19
1603,d5f7be34df0d,data/resized test 19
1604,d607960647ac,data/resized test 19
1605,d60e1e5c5c0f,data/resized test 19
1606,d6301df5abf1,data/resized test 19
1607,d6320a089dcf,data/resized test 19
1608,d64a07eb634d,data/resized test 19
1609,d655d099f8d6,data/resized test 19
1610,d65a606a9289,data/resized test 19
1611,d667f316aa03,data/resized test 19
1612,d66b9c127924,data/resized test 19
1613,d6bef5e72002,data/resized test 19
1614,d6bf0d147a9d,data/resized test 19
1615,d7251d24ad17,data/resized test 19
1616,d7532b579b2b,data/resized test 19
1617,d7a16a05f86e,data/resized test 19
1618,d7e123072fde,data/resized test 19
1619,d7fc386c546f,data/resized test 19
1620,d81987552a7d,data/resized test 19
1621,d81c3856082a,data/resized test 19
1622,d8312c5b5217,data/resized test 19
1623,d8468d108c02,data/resized test 19
1624,d87e5a77a830,data/resized test 19
1625,d8ebfa3568ac,data/resized test 19
1626,d8f6c660bf2d,data/resized test 19
1627,d91d32018e74,data/resized test 19
1628,d995728f0e26,data/resized test 19
1629,d99a7151297d,data/resized test 19
1630,d9b846ab7972,data/resized test 19
1631,d9c9e94df371,data/resized test 19
1632,da4e9278ccfe,data/resized test 19
1633,da58ea1e0407,data/resized test 19
1634,da68a7779f0d,data/resized test 19
1635,da763f0c1a0f,data/resized test 19
1636,da807f93050c,data/resized test 19
1637,da91be7eeb4f,data/resized test 19
1638,daa2d1d05f49,data/resized test 19
1639,dabe64a3b18b,data/resized test 19
1640,dadc953e79e2,data/resized test 19
1641,daeec7b8e982,data/resized test 19
1642,dafade8b6561,data/resized test 19
1643,db169abd047e,data/resized test 19
1644,db5d26026ed9,data/resized test 19
1645,db682fa7f5b6,data/resized test 19
1646,db6d64fc74e9,data/resized test 19
1647,db91aeb2193e,data/resized test 19
1648,dbcbc3467e56,data/resized test 19
1649,dbd772828089,data/resized test 19
1650,dbf67b9638cd,data/resized test 19
1651,dc425ae63cf4,data/resized test 19
1652,dc6649bd0e07,data/resized test 19
1653,dc7b66c705d7,data/resized test 19
1654,dcc69ebb6b75,data/resized test 19
1655,dcee11470733,data/resized test 19
1656,dd525bbb2ca3,data/resized test 19
1657,dd583f42cbd0,data/resized test 19
1658,dd7c7113b438,data/resized test 19
1659,dd8aa5d8cc3e,data/resized test 19
1660,dd9c3583fd50,data/resized test 19
1661,ddc65711db04,data/resized test 19
1662,dde91361002c,data/resized test 19
1663,de202d6ca406,data/resized test 19
1664,de2bfc6ae8dc,data/resized test 19
1665,de3afa3ddd6e,data/resized test 19
1666,de491c9a3896,data/resized test 19
1667,de8ce19274f7,data/resized test 19
1668,deb6f3d6f1c6,data/resized test 19
1669,df16c3ac7046,data/resized test 19
1670,df1aa0e4fdc0,data/resized test 19
1671,df9fb7e570cd,data/resized test 19
1672,dfcde9f583c0,data/resized test 19
1673,dff147e8c2f9,data/resized test 19
1674,dff51d618ebd,data/resized test 19
1675,dfff4dd8e2a3,data/resized test 19
1676,e002ce3cfe09,data/resized test 19
1677,e03bb55dd03c,data/resized test 19
1678,e04b4316c2a1,data/resized test 19
1679,e051148841ce,data/resized test 19
1680,e076c2fc95fe,data/resized test 19
1681,e0bb4081ebec,data/resized test 19
1682,e0ccaed5f4fc,data/resized test 19
1683,e0d46318b156,data/resized test 19
1684,e12714617669,data/resized test 19
1685,e177610cf7a1,data/resized test 19
1686,e1a9cafeb308,data/resized test 19
1687,e1abc348d5bc,data/resized test 19
1688,e229725ddccd,data/resized test 19
1689,e2300fd74ccc,data/resized test 19
1690,e23d7cd089fa,data/resized test 19
1691,e26bf4a0165f,data/resized test 19
1692,e29765ebf3bc,data/resized test 19
1693,e2ae80422b9e,data/resized test 19
1694,e2d902dccbac,data/resized test 19
1695,e2fdc91493f4,data/resized test 19
1696,e31794f248df,data/resized test 19
1697,e319bce1d9ad,data/resized test 19
1698,e3e124e05aef,data/resized test 19
1699,e3eaf3d12ad4,data/resized test 19
1700,e44c5eb9cbf3,data/resized test 19
1701,e44c7c93e116,data/resized test 19
1702,e46a71fcb54b,data/resized test 19
1703,e48caeb90d74,data/resized test 19
1704,e4c510a40d9c,data/resized test 19
1705,e4c643b8c321,data/resized test 19
1706,e4e847470e49,data/resized test 19
1707,e4ea1673d8f8,data/resized test 19
1708,e4fb9b17a8e6,data/resized test 19
1709,e506ac43ed7d,data/resized test 19
1710,e51a5a7cb0c4,data/resized test 19
1711,e5687116e274,data/resized test 19
1712,e57ddcade9b2,data/resized test 19
1713,e5987d9e2a11,data/resized test 19
1714,e59c5a52ab4c,data/resized test 19
1715,e5ace8dc0bad,data/resized test 19
1716,e5bab5038b26,data/resized test 19
1717,e62ae9cc6f9d,data/resized test 19
1718,e6419843845a,data/resized test 19
1719,e675ee5cfabe,data/resized test 19
1720,e6834d55bf6b,data/resized test 19
1721,e70756bf1618,data/resized test 19
1722,e7081f15bdbc,data/resized test 19
1723,e73737111c4e,data/resized test 19
1724,e74f1fdebdd6,data/resized test 19
1725,e752f13c725c,data/resized test 19
1726,e754bdc1061b,data/resized test 19
1727,e7557ee92477,data/resized test 19
1728,e7655ce118ad,data/resized test 19
1729,e7a9e0ecdd65,data/resized test 19
1730,e7c6e71e699a,data/resized test 19
1731,e7f566b79edd,data/resized test 19
1732,e87155449e8c,data/resized test 19
1733,e87e6e5db799,data/resized test 19
1734,e8c65c471b92,data/resized test 19
1735,e8d83190b171,data/resized test 19
1736,e8deb6e2de83,data/resized test 19
1737,e8efde11fae0,data/resized test 19
1738,e8fd593892f7,data/resized test 19
1739,e9602a2d3044,data/resized test 19
1740,e97517f83449,data/resized test 19
1741,e976cf76fe42,data/resized test 19
1742,e982c6b5b726,data/resized test 19
1743,e999c64033df,data/resized test 19
1744,e99e5a0b8755,data/resized test 19
1745,ea35436c0b08,data/resized test 19
1746,ea4a8d1b2358,data/resized test 19
1747,ea58b230f540,data/resized test 19
1748,ea6742795adc,data/resized test 19
1749,ea746a0d54ac,data/resized test 19
1750,ea8e9a3144e0,data/resized test 19
1751,eaa11b9fd165,data/resized test 19
1752,eab2934c55e1,data/resized test 19
1753,ead743033ad9,data/resized test 19
1754,eb2ca71ecf29,data/resized test 19
1755,eb470f336ee2,data/resized test 19
1756,eb56559c9a8c,data/resized test 19
1757,eba177d4e30e,data/resized test 19
1758,ebb40c984d56,data/resized test 19
1759,ebb70180b81a,data/resized test 19
1760,ec1ec61a3354,data/resized test 19
1761,ec248c3ecd10,data/resized test 19
1762,ec353d42359d,data/resized test 19
1763,ec4309136788,data/resized test 19
1764,ec5b8792b1a2,data/resized test 19
1765,ec71f67e2cd1,data/resized test 19
1766,ec727873cdb7,data/resized test 19
1767,ec8f3ec97245,data/resized test 19
1768,ed0ccec62a3a,data/resized test 19
1769,ed59b7d44223,data/resized test 19
1770,edae318f4942,data/resized test 19
1771,edca22bdbeeb,data/resized test 19
1772,edd6984490a2,data/resized test 19
1773,edd7e3e814e8,data/resized test 19
1774,ede39fdf8477,data/resized test 19
1775,edeccdfdfdf9,data/resized test 19
1776,ee506d853270,data/resized test 19
1777,ee544d980b5e,data/resized test 19
1778,ee6e56f02740,data/resized test 19
1779,ee76112096cf,data/resized test 19
1780,ee969c006782,data/resized test 19
1781,ee98121d0c5a,data/resized test 19
1782,ee9d64c9be0a,data/resized test 19
1783,eea7f3cdc9dd,data/resized test 19
1784,eee06cf50cff,data/resized test 19
1785,ef10428bec8e,data/resized test 19
1786,ef1548136b3f,data/resized test 19
1787,ef36cbd84301,data/resized test 19
1788,ef39106db910,data/resized test 19
1789,ef44b0f4d553,data/resized test 19
1790,ef49726b8df9,data/resized test 19
1791,ef4c7035ce6e,data/resized test 19
1792,ef514c87f4ec,data/resized test 19
1793,ef5f4ffdd75c,data/resized test 19
1794,ef8c405f0c7b,data/resized test 19
1795,f04b0e450206,data/resized test 19
1796,f059ab26d40a,data/resized test 19
1797,f07ca35b523b,data/resized test 19
1798,f0848f9ccf92,data/resized test 19
1799,f08c01a8a480,data/resized test 19
1800,f092448b6617,data/resized test 19
1801,f0a4b6713914,data/resized test 19
1802,f0d3048b5a3f,data/resized test 19
1803,f0e6fd9a71d8,data/resized test 19
1804,f0fe049d478b,data/resized test 19
1805,f10e7a05264b,data/resized test 19
1806,f1178112a435,data/resized test 19
1807,f1416b6ac0f0,data/resized test 19
1808,f1541578ba01,data/resized test 19
1809,f15d74f144a9,data/resized test 19
1810,f167245c0bdf,data/resized test 19
1811,f1fe9471fc83,data/resized test 19
1812,f218a44247b1,data/resized test 19
1813,f2320b9e1197,data/resized test 19
1814,f237bd2d4189,data/resized test 19
1815,f3135d8ed877,data/resized test 19
1816,f320b5f7f5b5,data/resized test 19
1817,f32613d8dd7f,data/resized test 19
1818,f32bdf2a84ec,data/resized test 19
1819,f32e563daf7b,data/resized test 19
1820,f360627bb76b,data/resized test 19
1821,f36969f69b4f,data/resized test 19
1822,f39ce81e62e4,data/resized test 19
1823,f3a6c7df5fdc,data/resized test 19
1824,f3bebccd8f01,data/resized test 19
1825,f3bf83a0e378,data/resized test 19
1826,f3d95fad170c,data/resized test 19
1827,f3daf369a103,data/resized test 19
1828,f3e5159e0b2d,data/resized test 19
1829,f3f696c65bfd,data/resized test 19
1830,f41ef796cc0d,data/resized test 19
1831,f443c3d7ab22,data/resized test 19
1832,f444cd113883,data/resized test 19
1833,f44fd938c664,data/resized test 19
1834,f45ceb654c4d,data/resized test 19
1835,f47c5fc86387,data/resized test 19
1836,f4a37bac1050,data/resized test 19
1837,f506b2b3c950,data/resized test 19
1838,f524093e34ea,data/resized test 19
1839,f526c7a16749,data/resized test 19
1840,f535da2b9102,data/resized test 19
1841,f543269b7905,data/resized test 19
1842,f54b2ebf7f43,data/resized test 19
1843,f576e224de55,data/resized test 19
1844,f5aa838e2ffc,data/resized test 19
1845,f5b4f7bc69e7,data/resized test 19
1846,f5ebdedbba98,data/resized test 19
1847,f636fc9e4355,data/resized test 19
1848,f6578f3dfafe,data/resized test 19
1849,f68ada6a0892,data/resized test 19
1850,f6a79dbb4339,data/resized test 19
1851,f6a9c937e6d6,data/resized test 19
1852,f7113d580492,data/resized test 19
1853,f72a18c76408,data/resized test 19
1854,f73e8ec73179,data/resized test 19
1855,f756b1c4c52b,data/resized test 19
1856,f75b65c8cc4c,data/resized test 19
1857,f785337edf07,data/resized test 19
1858,f7b4b4cf9161,data/resized test 19
1859,f7b5f3581d20,data/resized test 19
1860,f7cb2e6212b2,data/resized test 19
1861,f7dd2700a3d5,data/resized test 19
1862,f7de9615aea3,data/resized test 19
1863,f7f026a5a4bb,data/resized test 19
1864,f7f8dd6cd6bd,data/resized test 19
1865,f85bf43b7e05,data/resized test 19
1866,f893813ed0d4,data/resized test 19
1867,f898d3e8ed90,data/resized test 19
1868,f8aa9af6ca63,data/resized test 19
1869,f8b184ad0701,data/resized test 19
1870,f8b9c9f5235f,data/resized test 19
1871,f8f530fa573e,data/resized test 19
1872,f9642cf6a5bb,data/resized test 19
1873,f96f06803471,data/resized test 19
1874,f96fecb16957,data/resized test 19
1875,f99a9ad63dda,data/resized test 19
1876,f9e7f614c91d,data/resized test 19
1877,f9f1cd9ed16c,data/resized test 19
1878,f9f3d97f3269,data/resized test 19
1879,fa007743976a,data/resized test 19
1880,fa09c97a2887,data/resized test 19
1881,fa7a97f4de76,data/resized test 19
1882,fa8b04533b99,data/resized test 19
1883,fa98490bc13c,data/resized test 19
1884,fa988ad2271e,data/resized test 19
1885,fab7d8e8a1fa,data/resized test 19
1886,fac5beea82bd,data/resized test 19
1887,fb2d29623cfc,data/resized test 19
1888,fb5b3c8d9cbb,data/resized test 19
1889,fb75ed010413,data/resized test 19
1890,fbb5cb3a2222,data/resized test 19
1891,fbc502a64901,data/resized test 19
1892,fbc8b60526f1,data/resized test 19
1893,fbcd28a51ef7,data/resized test 19
1894,fbe36fdd76be,data/resized test 19
1895,fc3935afc788,data/resized test 19
1896,fc44a4ffaa45,data/resized test 19
1897,fc5ea7f74c48,data/resized test 19
1898,fc66648f758e,data/resized test 19
1899,fc67df1e574e,data/resized test 19
1900,fc6c9d0efe53,data/resized test 19
1901,fc79feb5deed,data/resized test 19
1902,fcbc1f4b5342,data/resized test 19
1903,fcd166e6e4b5,data/resized test 19
1904,fcea00df9f33,data/resized test 19
1905,fd2978398705,data/resized test 19
1906,fd2d58c6cd45,data/resized test 19
1907,fd4d81b43e84,data/resized test 19
1908,fd7cc592106e,data/resized test 19
1909,fd8e6b0b2e45,data/resized test 19
1910,fda8612fcc8c,data/resized test 19
1911,fdde61dd1bde,data/resized test 19
1912,fde8778182af,data/resized test 19
1913,fe0a340c4477,data/resized test 19
1914,fe190d618acf,data/resized test 19
1915,fe1d2f703efc,data/resized test 19
1916,fe5618ad2460,data/resized test 19
1917,fe57ff56618e,data/resized test 19
1918,fe84ad1df04b,data/resized test 19
1919,fe920e47b72d,data/resized test 19
1920,fed9d587f158,data/resized test 19
1921,fee5bd042c3b,data/resized test 19
1922,fef8e645d030,data/resized test 19
1923,ff2fd94448de,data/resized test 19
1924,ff4c945d9b17,data/resized test 19
1925,ff64897ac0d8,data/resized test 19
1926,ffa73465b705,data/resized test 19
1927,ffdc2152d455,data/resized test 19
